{
  "requestsFinished": 1,
  "requestsFailed": 0,
  "requestsRetries": 0,
  "requestsFailedPerMinute": 0,
  "requestsFinishedPerMinute": 3,
  "requestMinDurationMillis": 17889,
  "requestMaxDurationMillis": 17889,
  "requestTotalFailedDurationMillis": 0,
  "requestTotalFinishedDurationMillis": 17889,
  "crawlerStartedAt": "2025-09-11T04:56:10.129Z",
  "crawlerFinishedAt": "2025-09-11T04:56:28.448Z",
  "statsPersistedAt": "2025-09-11T04:56:28.448Z",
  "crawlerRuntimeMillis": 18377,
  "crawlerLastStartTimestamp": 1757566570071,
  "requestRetryHistogram": [
    1
  ],
  "statsId": 0,
  "requestAvgFailedDurationMillis": null,
  "requestAvgFinishedDurationMillis": 17889,
  "requestTotalDurationMillis": 17889,
  "requestsTotal": 1,
  "requestsWithStatusCode": {
    "200": 1
  },
  "errors": {},
  "retryErrors": {}
}