{
  "usableSessionsCount": 1,
  "retiredSessionsCount": 0,
  "sessions": [
    {
      "id": "session_JAjwTWNljR",
      "cookieJar": {
        "version": "tough-cookie@5.1.2",
        "storeType": "MemoryCookieStore",
        "rejectPublicSuffixes": true,
        "enableLooseMode": false,
        "allowSpecialUseDomain": true,
        "prefixSecurity": "silent",
        "cookies": [
          {
            "key": "csrf",
            "value": "WBl3-mWy7l7iINc9jWsoEmtWoAs6ogfunqDt6YG0GLo:AAABmTchl6s:7nEyp3bKLKptoeiKJ8dfjA",
            "expires": "2025-09-11T05:46:15.747Z",
            "domain": "www.farrerpark.com",
            "path": "/patients-and-visitors",
            "hostOnly": true,
            "creation": "2025-09-11T04:56:15.749Z",
            "lastAccessed": "2025-09-11T04:56:15.749Z"
          },
          {
            "key": "JSESSIONID",
            "value": "D9CE66A42F369CBE00B5C11F93E5CA62.worker1",
            "expires": "2025-09-11T05:46:15.748Z",
            "domain": "www.farrerpark.com",
            "path": "/",
            "secure": true,
            "httpOnly": true,
            "hostOnly": true,
            "creation": "2025-09-11T04:56:15.750Z",
            "lastAccessed": "2025-09-11T04:56:15.750Z"
          },
          {
            "key": "_ga_LEVT1JJ6K4",
            "value": "GS2.1.s1757566573$o1$g0$t1757566573$j60$l0$h0",
            "expires": "2026-10-16T04:56:13.346Z",
            "domain": "farrerpark.com",
            "path": "/",
            "hostOnly": false,
            "creation": "2025-09-11T04:56:15.750Z",
            "lastAccessed": "2025-09-11T04:56:15.750Z"
          },
          {
            "key": "_ga",
            "value": "GA1.2.1260119095.1757566573",
            "expires": "2026-10-16T04:56:13.375Z",
            "domain": "farrerpark.com",
            "path": "/",
            "hostOnly": false,
            "creation": "2025-09-11T04:56:15.753Z",
            "lastAccessed": "2025-09-11T04:56:15.753Z"
          },
          {
            "key": "_gid",
            "value": "GA1.2.867477085.1757566573",
            "expires": "2025-09-12T04:56:13.000Z",
            "domain": "farrerpark.com",
            "path": "/",
            "hostOnly": false,
            "creation": "2025-09-11T04:56:15.754Z",
            "lastAccessed": "2025-09-11T04:56:15.754Z"
          },
          {
            "key": "_dc_gtm_UA-36261462-7",
            "value": "1",
            "expires": "2025-09-11T04:57:13.000Z",
            "domain": "farrerpark.com",
            "path": "/",
            "hostOnly": false,
            "creation": "2025-09-11T04:56:15.754Z",
            "lastAccessed": "2025-09-11T04:56:15.754Z"
          },
          {
            "key": "_fbp",
            "value": "fb.1.1757566573862.481958106407844610",
            "expires": "2025-12-10T04:56:13.000Z",
            "domain": "farrerpark.com",
            "path": "/",
            "hostOnly": false,
            "creation": "2025-09-11T04:56:15.754Z",
            "lastAccessed": "2025-09-11T04:56:15.754Z"
          },
          {
            "key": "_gcl_au",
            "value": "1.1.531987057.1757566574",
            "expires": "2025-12-10T04:56:14.000Z",
            "domain": "farrerpark.com",
            "path": "/",
            "hostOnly": false,
            "creation": "2025-09-11T04:56:15.754Z",
            "lastAccessed": "2025-09-11T04:56:15.754Z"
          },
          {
            "key": "delaconphonenums",
            "expires": "2025-09-11T05:46:15.748Z",
            "domain": "farrerpark.com",
            "path": "/",
            "secure": true,
            "hostOnly": false,
            "creation": "2025-09-11T04:56:15.754Z",
            "lastAccessed": "2025-09-11T04:56:15.754Z"
          },
          {
            "key": "delaconsessid",
            "value": "05457ec1c2074d17b494c36d73c8c189",
            "expires": "2025-09-11T05:46:15.748Z",
            "domain": "farrerpark.com",
            "path": "/",
            "secure": true,
            "hostOnly": false,
            "creation": "2025-09-11T04:56:15.754Z",
            "lastAccessed": "2025-09-11T04:56:15.754Z"
          }
        ]
      },
      "userData": {},
      "maxErrorScore": 10,
      "errorScoreDecrement": 0.5,
      "expiresAt": "2025-09-11T05:46:10.349Z",
      "createdAt": "2025-09-11T04:56:10.349Z",
      "usageCount": 1,
      "maxUsageCount": 50,
      "errorScore": 0
    }
  ]
}