 {
  "actorSpecification": 1,
  "name": "camden-medical-crawler",
  "title": "Camden Medical Centre Crawler",
  "description": "Specialized web crawler for extracting specialist doctor information from Camden Medical Centre website. Features configurable request limits, cookie support for authenticated scraping, and comprehensive data extraction including doctor profiles, specialties, and contact information.",
  "version": "1.1.0",
  "meta": {
    "templateId": "crawlee-playwright-js"
  },
  "input": "./INPUT_SCHEMA.json",
  "dockerfile": "./Dockerfile",
  "readme": "./README.md",
  "categories": [
    "SCRAPER"
  ],
  "defaultRunOptions": {
    "build": "latest",
    "timeoutSecs": 3600,
    "memoryMbytes": 4096
  }
}