{
	"id": "mBt8gkcmCbJw2Bj",
	"json": "{\"id\":\"mBt8gkcmCbJw2Bj\",\"url\":\"https://www.farrerpark.com/patients-and-visitors/doctor.html\",\"loadedUrl\":\"https://www.farrerpark.com/patients-and-visitors/doctor.html\",\"uniqueKey\":\"https://www.farrerpark.com/patients-and-visitors/doctor.html\",\"method\":\"GET\",\"noRetry\":false,\"retryCount\":0,\"errorMessages\":[],\"headers\":{},\"userData\":{\"__crawlee\":{\"state\":4}},\"handledAt\":\"2025-09-11T04:56:28.234Z\"}",
	"method": "GET",
	"orderNo": null,
	"retryCount": 0,
	"uniqueKey": "https://www.farrerpark.com/patients-and-visitors/doctor.html",
	"url": "https://www.farrerpark.com/patients-and-visitors/doctor.html"
}